DrugID|Navn|Ental|Flertal
28101133083|Antabus|brusetablet|brusetabletter
28104307208|Flavamed|brusetablet|brusetabletter
28101554793|Wartec|påsmøring|påsmøringer
28104418108|Zoviduo|påsmøring|påsmøringer
28100400562|Synalar|påsmøring|påsmøringer
28100474965|Synalar 0,025 % med Chinoform|påsmøring|påsmøringer
28100608472|Canesten|påsmøring|påsmøringer
28100718376|Hydrokortison "DnE"|påsmøring|påsmøringer
28100975578|Emovat|påsmøring|påsmøringer
28101037879|Essex|påsmøring|påsmøringer
28101315887|Mildison Lipid|påsmøring|påsmøringer
28101666194|Microcid|påsmøring|påsmøringer
28101777795|Vectavir|påsmøring|påsmøringer
28101890597|Ibutop|påsmøring|påsmøringer
28103065199|Bactroban|påsmøring|påsmøringer
28103128799|Vaniqa|påsmøring|påsmøringer
28104238407|Hyderm|påsmøring|påsmøringer
28104820710|Ovison|påsmøring|påsmøringer
28104887111|Pliapel|påsmøring|påsmøringer
28101470391|Bifluorid|pensling|penslinger
28101905597|Orfiril Long|beholder|beholdere
28101905697|Orfiril Long|beholder|beholdere
28101802896|Contalgin|brev|breve
28101802996|Contalgin|brev|breve
28101803096|Contalgin|brev|breve
28103679804|Pamorelin|injektionssprøjte|injektionssprøjter
28103919506|Pamorelin|injektionssprøjte|injektionssprøjter
28104403708|Pamorelin|injektionssprøjte|injektionssprøjter
28104853711|Risperdal Consta|injektionssprøjte|injektionssprøjter
28104853811|Risperdal Consta|injektionssprøjte|injektionssprøjter
28100600471|Saroten Retard|kapsel|kapsler
28101011571|Saroten Retard|kapsel|kapsler
28101779795|Contalgin Uno|kapsel|kapsler
28101779995|Contalgin Uno|kapsel|kapsler
28101780195|Contalgin Uno|kapsel|kapsler
28101932797|Gemadol Retard|kapsel|kapsler
28101197084|Gastro-Timelets|kapsel|kapsler
28101259986|Hexasoptin Retard|kapsel|kapsler
28101260086|Hexasoptin Retard|kapsel|kapsler
28101323588|Sirdalud Retard|kapsel|kapsler
28101403490|Lomir Retard|kapsel|kapsler
28101671494|Palladon|kapsel|kapsler
28101671594|Palladon|kapsel|kapsler
28101671694|Palladon|kapsel|kapsler
28101671794|Palladon|kapsel|kapsler
28104794610|Sancuso|plaster|plastre
28101405590|Nicotinell|plaster|plastre
28101405690|Nicotinell|plaster|plastre
28101415390|Discotrine|plaster|plastre
28101860196|Evo-Sequi|plaster|plastre
28103482303|Kentera|plaster|plastre
28103986706|Nicorette Invisi|plaster|plastre
28104251207|Neupro|plaster|plastre
28104901011|Systen Conti|plaster|plastre
28104826011|Alfuzosin "2care4"|tablet|tabletter
28104910911|Levodopa/Carbidopa "Accord"|tablet|tabletter
28105150312|Targin|tablet|tabletter
28105150412|Targin|tablet|tabletter
28105264613|Envarsus|tablet|tabletter
28105264713|Envarsus|tablet|tabletter
28105264813|Envarsus|tablet|tabletter
28136233603|SelenoPrecise|tablet|tabletter
52610058597|Venokan|tablet|tabletter
52620015693|Mega C 1500 "Scanpharm"|tablet|tabletter
28100486965|Egazil|tablet|tabletter
28100560469|Ferro Duretter|tablet|tabletter
28100599871|Litarex|tablet|tabletter
28101004478|Theo-dur|tablet|tabletter
28101004578|Theo-dur|tablet|tabletter
28101055580|Bricanyl Retard|tablet|tabletter
28101095482|Bricanyl Retard|tablet|tabletter
28101164083|Unixan|tablet|tabletter
28101171983|Veraloc Retard|tablet|tabletter
28101184184|Cardopax Retard|tablet|tabletter
28101218285|Unixan|tablet|tabletter
28101219585|Cardil|tablet|tabletter
28101320687|Ibumetin Retard|tablet|tabletter
28101410190|Unixan|tablet|tabletter
28101542193|Contalgin|tablet|tabletter
28101942497|Mandolgin Retard|tablet|tabletter
28101942597|Mandolgin Retard|tablet|tabletter
28101942697|Mandolgin Retard|tablet|tabletter
28103013398|Depolan|tablet|tabletter
28103013498|Depolan|tablet|tabletter
28103013598|Depolan|tablet|tabletter
28103013698|Depolan|tablet|tabletter
28103864105|Circadin|tablet|tabletter
28103909206|Danafusin|tablet|tabletter
28104203007|OxyContin|tablet|tabletter
28104876411|Oxycodonhydrochlorid "Accord"|tablet|tabletter
28104876611|Oxycodonhydrochlorid "Accord"|tablet|tabletter
28105187912|Lescol XL|tablet|tabletter
28103310401|Carbaglu|tablet|tabletter
28103566803|Certican|tablet|tabletter
28103566903|Certican|tablet|tabletter
28103805205|Exjade|tablet|tabletter
28105167012|Votubia|tablet|tabletter
28105167112|Votubia|tablet|tabletter
28105167212|Votubia|tablet|tabletter
28103321701|Pamol Flash|tablet|tabletter
28105071712|Granupas|brev|breve
28104173107|Omeprazol "Bluefish"|kapsel|kapsler
28103150800|Videx EC|kapsel|kapsler
28104649510|Omeprazol "Aurobindo"|kapsel|kapsler
28105063112|Procysbi|kapsel|kapsler
28105063212|Procysbi|kapsel|kapsler
28105469414|Creon|kapsel|kapsler
52610039793|Idoform|kapsel|kapsler
52610059897|Bifodan mælkesyrebakterier|kapsel|kapsler
28105258513|Noxafil|tablet|tabletter
52610069901|Aesculaforce forte|tablet|tabletter
28100225957|Perilax|tablet|tabletter
28100232757|Dulcolax|tablet|tabletter
28100571670|Toilax|tablet|tabletter
28101356789|Erycin|tablet|tabletter
28101376189|Magnyl "DAK"|tablet|tabletter
28101467091|Naproxen-E "Mylan"|tablet|tabletter
28101467191|Naproxen-E "Mylan"|tablet|tabletter
28104662610|Hjertealbyl|tablet|tabletter
28104662810|Hjertealbyl|tablet|tabletter
28104724110|Esomeprazole "Portfarma"|tablet|tabletter
28104724210|Esomeprazole "Portfarma"|tablet|tabletter
28116169203|Atrosan|tablet|tabletter
52610000393|Valerina Nat|tablet|tabletter
52610032293|Kan Jang|tablet|tabletter
52610045893|Bio-Biloba|tablet|tabletter
52610059697|Seredrin|tablet|tabletter
52610066899|Calmigen 300|tablet|tabletter
52620002193|Jern C "medic"|tablet|tabletter
52620002893|APOVIT Ferrofumarat|tablet|tabletter
52620003493|APOVIT B-Combin stærk|tablet|tabletter
52620025693|Bio-C-Vit. "Pharma N" syreneut|tablet|tabletter
28101697494|Uromitexan|tablet|tabletter
28101697594|Uromitexan|tablet|tabletter
28103123099|Trizivir|tablet|tabletter
28103874505|Stocrin|tablet|tabletter
28103874605|Stocrin|tablet|tabletter
28104019206|Adenuric|tablet|tabletter
28104412608|Escitalopram "Paranova"|tablet|tabletter
28104413708|Escitalopram "Paranova"|tablet|tabletter
28104456108|Revolade|tablet|tabletter
28104456208|Revolade|tablet|tabletter
28104474409|Moderiba|tablet|tabletter
28104481309|Votrient|tablet|tabletter
28104527409|Prezista|tablet|tabletter
28104527509|Prezista|tablet|tabletter
28104657410|Sprycel|tablet|tabletter
28104747310|Priligy|tablet|tabletter
28104747410|Priligy|tablet|tabletter
28104885811|Inlyta|tablet|tabletter
28104958811|Bosulif|tablet|tabletter
28104958911|Bosulif|tablet|tabletter
28104979811|VitaCare "Glucosamin JemoPharm|tablet|tabletter
28104979911|VitaCare "Glucosamin JemoPharm|tablet|tabletter
28104998511|Kalydeco|tablet|tabletter
28105019912|Stribild|tablet|tabletter
28105020012|Selincro|tablet|tabletter
28105024111|Viread|tablet|tabletter
28105024211|Viread|tablet|tabletter
28105024311|Viread|tablet|tabletter
28105038412|Xarelto|tablet|tabletter
28105111312|Tybost|tablet|tabletter
28105112912|Vipidia|tablet|tabletter
28105113012|Vipidia|tablet|tabletter
28105113112|Vipidia|tablet|tabletter
28105127412|Incresync|tablet|tabletter
28105127612|Incresync|tablet|tabletter
28105127712|Incresync|tablet|tabletter
28105128012|Vipdomet|tablet|tabletter
28105128112|Vipdomet|tablet|tabletter
28105145012|Invokana|tablet|tabletter
28105154212|Inlyta|tablet|tabletter
28105158112|Revolade|tablet|tabletter
28105165512|Iclusig|tablet|tabletter
28105165612|Iclusig|tablet|tabletter
28105175612|Giotrif|tablet|tabletter
28105175912|Giotrif|tablet|tabletter
28105181012|Latuda|tablet|tabletter
28105181112|Latuda|tablet|tabletter
28105181212|Latuda|tablet|tabletter
28105187612|Leflunomide medac|tablet|tabletter
28105188512|Sildenafil "Bluefish"|tablet|tabletter
28105188612|Sildenafil "Bluefish"|tablet|tabletter
28105200412|Ibandronsyre "2care4"|tablet|tabletter
28105204313|Naratriptan "2care4"|tablet|tabletter
28105218313|Naratriptan "EuroPharma"|tablet|tabletter
28105234813|Tivicay|tablet|tabletter
28105246913|Adempas|tablet|tabletter
28105247013|Adempas|tablet|tabletter
28105247113|Adempas|tablet|tabletter
28105247213|Adempas|tablet|tabletter
28105256213|Vokanamet|tablet|tabletter
28105256313|Vokanamet|tablet|tabletter
28105256413|Vokanamet|tablet|tabletter
28105256513|Vokanamet|tablet|tabletter
28105328813|Atozet|tablet|tabletter
28105328913|Atozet|tablet|tabletter
28105329013|Atozet|tablet|tabletter
28105329113|Atozet|tablet|tabletter
28105332813|Zydelig|tablet|tabletter
28105332913|Zydelig|tablet|tabletter
28105337413|Rezolsta|tablet|tabletter
28105370514|Daklinza|tablet|tabletter
28105376314|Otezla|tablet|tabletter
28105400914|Cozaar|tablet|tabletter
28105402814|Harvoni|tablet|tabletter
28105416814|Exviera|tablet|tabletter
28105454014|Eplerenone "2care4"|tablet|tabletter
28105454114|Eplerenone "2care4"|tablet|tabletter
28100327860|Nozinan|tablet|tabletter
28100693676|Ampicillin "PCD"|tablet|tabletter
28100699976|Trandate|tablet|tabletter
28100719276|Imipramin "DAK"|tablet|tabletter
28100719376|Imipramin "DAK"|tablet|tabletter
28100726476|Kodimagnyl Ikke-stoppende DAK|tablet|tabletter
28100731076|Litiumkarbonat "OBA"|tablet|tabletter
28100741176|Noskapin "DAK"|tablet|tabletter
28100753476|Tetracyklin "DAK"|tablet|tabletter
28100753576|Tetracyklin "DAK"|tablet|tabletter
28100798077|Østradiol "DLF"|tablet|tabletter
28100902276|Primcillin|tablet|tabletter
28100954976|Trandate|tablet|tabletter
28100972778|Pondocillin|tablet|tabletter
28100994178|Tetracyclin "Actavis"|tablet|tabletter
28101013660|Nozinan|tablet|tabletter
28101100382|Propranolol "DAK"|tablet|tabletter
28101121682|Sibelium|tablet|tabletter
28101187584|Primcillin|tablet|tabletter
28101204284|Kodipar|tablet|tabletter
28101229585|Dexofan|tablet|tabletter
28101286986|Abboticin Novum|tablet|tabletter
28101421890|Pondocillin|tablet|tabletter
28101462891|Bonefos|tablet|tabletter
28101943797|Tetracyclin "Actavis"|tablet|tabletter
28103114899|Truxal|tablet|tabletter
28103114999|Truxal|tablet|tabletter
28103115099|Truxal|tablet|tabletter
28103131000|Panodil Zapp|tablet|tabletter
28103150300|Seractiv|tablet|tabletter
28103164400|Magnesia "medic"|tablet|tabletter
28103168800|Xefo Rapid|tablet|tabletter
28103274501|Novofem|tablet|tabletter
28103449602|Rimactazid|tablet|tabletter
28103451402|Rimstar|tablet|tabletter
28103451502|Rimcure|tablet|tabletter
28103521303|Glucosamin "Sandoz"|tablet|tabletter
28103542903|Magnesia "DAK"|tablet|tabletter
28103702404|Dolenio|tablet|tabletter
28103728904|Cetirizin "BMM Pharma"|tablet|tabletter
28103803205|Inovelon|tablet|tabletter
28103969806|Arcoxia|tablet|tabletter
28103988606|Vastarel|tablet|tabletter
28103990306|Fucidine|tablet|tabletter
28103995906|Granisetron "BMM Pharma"|tablet|tabletter
28103996006|Granisetron "BMM Pharma"|tablet|tabletter
28104213407|Sertralin "Bluefish"|tablet|tabletter
28104213507|Sertralin "Bluefish"|tablet|tabletter
28104360908|Resolor|tablet|tabletter
28104361008|Resolor|tablet|tabletter
28104394308|Almogran|tablet|tabletter
28104423308|Immunoprin|tablet|tabletter
28104423408|Immunoprin|tablet|tabletter
28104569509|Zoely|tablet|tabletter
28104612009|Zyvoxid|tablet|tabletter
28104622109|Atorvastatin "Bluefish"|tablet|tabletter
28104622209|Atorvastatin "Bluefish"|tablet|tabletter
28104622309|Atorvastatin "Bluefish"|tablet|tabletter
28104667910|Flucloxacillin "Orion"|tablet|tabletter
28104680910|Onglyza|tablet|tabletter
28104721210|Relpax|tablet|tabletter
28104745510|Komboglyze|tablet|tabletter
28104745610|Komboglyze|tablet|tabletter
28104843411|Crestor|tablet|tabletter
28104952011|Jentadueto|tablet|tabletter
28105020812|Relpax|tablet|tabletter
28101871497|Divigel|brev|breve
28101871597|Divigel|brev|breve
28104895411|Acnatac|påsmøring|påsmøringer
28105207413|Ipren|påsmøring|påsmøringer
28105243913|Mirvaso|påsmøring|påsmøringer
28100565269|Synalar|påsmøring|påsmøringer
28100582070|Hirudoid|påsmøring|påsmøringer
28100946749|Xylocain|påsmøring|påsmøringer
28101207285|Diprolen|påsmøring|påsmøringer
28101529792|Isotrex|påsmøring|påsmøringer
28101954997|Basiron|påsmøring|påsmøringer
28101955097|Basiron|påsmøring|påsmøringer
28101955197|Basiron Wash|påsmøring|påsmøringer
28103417302|Finacea|påsmøring|påsmøringer
28103690604|Clindoxyl|påsmøring|påsmøringer
28103643704|Testim|tube|tuber
52610035593|Guarmin|måleske|måleskeer
28103005898|Ammonaps|gram|gram
28105024011|Viread|måleske|måleskeer
28105078912|Pheburane|måleske|måleskeer
52610000893|Agiolax|måleske|måleskeer
28101473291|Sabrilex|brev|breve
28103217300|Vepicombin Novum|ml|ml
28105140812|Magnesium Diasporal|brev|breve
28100902676|Primcillin|ml|ml
28101137283|Imacillin|ml|ml
28101191784|Abboticin|ml|ml
28104285308|Modigraf|brev|breve
28105211412|Translarna|brev|breve
28105211512|Translarna|brev|breve
28105211612|Translarna|brev|breve
28100902576|Primcillin|brev|breve
28103846605|Accusol 35|ml|ml
28103846705|Accusol 35 Kalium 2 mmol/l|ml|ml
28103846805|Accusol 35 Kalium 4 mmol/l|ml|ml
28104288008|Phoxilium|ml|ml
28103437102|Multibic kaliumfri|ml|ml
28103437202|Multibic med kalium|ml|ml
28103437402|Multibic med kalium|ml|ml
28103045698|Hemosol B0|ml|ml
28103457102|Prismasol 2 mmol/l kalium|ml|ml
28103457202|Prismasol 4 mmol/l kalium|ml|ml
28103806805|Zoladex LA|implantat|implantater
28104477109|Leuprorelin "Sandoz"|implantat|implantater
28104477209|Leuprorelin "Sandoz"|implantat|implantater
28104679410|Zoladex LA|implantat|implantater
28104684710|Zoladex|implantat|implantater
28105049220|Nexplanon|implantat|implantater
28101902597|Zipzoc|strømpe|strømper
28101383289|Kalium-natrium-glucose "Braun"|ml|ml
28103642704|Venofundin|ml|ml
28100413062|Intralipid|ml|ml
28101896397|Clinoleic|ml|ml
28103018598|Omegaven|ml|ml
28103088399|Kabiven|ml|ml
28103091299|NuTRIflex Lipid peri|ml|ml
28103091399|NuTRIflex Lipid plus|ml|ml
28103091499|NuTRIflex Lipid special|ml|ml
28103149400|Kabiven Perifer|ml|ml
28103682304|Lipidem|ml|ml
28104270407|SmofKabiven|ml|ml
28104270507|SmofKabiven elektrolytfri|ml|ml
28104371308|SmofKabiven Perifer|ml|ml
28104494609|Nutriflex Omega special|ml|ml
28104494709|Nutriflex Omega plus|ml|ml
28104539909|Olimel Perifer N4E|ml|ml
28104540009|Olimel N5E|ml|ml
28104540109|Olimel N7E|ml|ml
28104540209|Olimel N9E|ml|ml
28104540409|Olimel N9|ml|ml
28104593209|Numeta G16E|ml|ml
28104593309|Numeta G19E|ml|ml
28101340888|Natriumklorid-glucose "Braun"|ml|ml
28100136355|Macrodex 60 mg/ml m. Natr.kl|ml|ml
28100675075|Glucos "Fresenius Kabi"|ml|ml
28100675475|Mannitol "Fresenius Kabi"|ml|ml
28100675575|Natriumklorid "Baxter" 9 mg/ml|ml|ml
28100675675|Ringer-lactat "Fresenius Kabi"|ml|ml
28101028979|Glucos "Fresenius Kabi"|ml|ml
28101029179|Glucos "Fresenius Kabi"|ml|ml
28101113282|Vaminolac|ml|ml
28101133883|Vamin 14 g N/l Elektrolytfri|ml|ml
28101133983|Vamin 18 g N/l Elektrolytfri|ml|ml
28101262486|Ringer-acetat "Fresenius Kabi"|ml|ml
28101334088|Glucos. "B. Braun"|ml|ml
28101334188|Natriumklorid "B. Braun"|ml|ml
28101340988|Glucos. "B. Braun"|ml|ml
28101341088|Glucos. "B. Braun"|ml|ml
28101404290|Glucos "Fresenius Kabi"|ml|ml
28101404390|Natriumklorid Fres.Kabi 9mg/ml|ml|ml
28101773695|Clinimix N17G35E|ml|ml
28101784995|Glavamin|ml|ml
28101822595|Integrilin|mikrogram|mikrogram
28101940197|Rehydrex med Glucos 25 mg/ml|ml|ml
28101952497|Kalium-Natr.-Glucos. Fres.Kabi|ml|ml
28103061199|Rescueflow|beholder|beholdere
28103134200|Voluven|ml|ml
28103202200|Nutriflex Peri|ml|ml
28103202300|Nutriflex Plus|ml|ml
28103202400|Nutriflex Special|ml|ml
28103246601|Na.kl"Baxter"Clear-Flex 9mg/ml|ml|ml
28103337401|Natriumklorid "Baxter" Viaflo|ml|ml
28103337501|Glucos "Baxter" Viaflo|ml|ml
28103454902|Natr.klorid-Glucos Bax. Viaflo|ml|ml
28103462003|Metronidazol "Baxter" Viaflo|beholder|beholdere
28103492602|Natr.klorid-Glucos Bax. Viaflo|ml|ml
28103527103|Prialt|mikrogram|mikrogram
28103599003|Human Albumin "CSL Behring"|ml|ml
28103599103|Human Albumin "CSL Behring"|ml|ml
28103669504|Gelofusine|ml|ml
28103728804|Ringerfundin|ml|ml
28103775305|Mixamin Glucos 200 mg/ml|ml|ml
28103775405|Mixamin Glucos 120 mg/ml|ml|ml
28103785305|Ringer-Acetat "Baxter" Viaflo|ml|ml
28103792305|Plasmalyte|ml|ml
28103797805|Remodulin|ml|ml
28103797905|Remodulin|ml|ml
28103798005|Remodulin|ml|ml
28103798105|Remodulin|ml|ml
28103874805|Ciprofloxacin "Fresenius Kabi"|ml|ml
28103880205|Volulyte|ml|ml
28103947106|Tetraspan|ml|ml
28103995506|Ciprofloxacin "Villerton"|ml|ml
28104019906|Gentamicin "B. Braun"|ml|ml
28104020006|Gentamicin "B. Braun"|ml|ml
28104128707|APO-go Pumpfill|ml|ml
28104154407|Vimpat|ml|ml
28104238907|Octagam|ml|ml
28104277108|Fluconazol "Fresenius Kabi"|ml|ml
28104331208|Metronidazol "B. Braun"|ml|ml
28104433208|Glukosel|ml|ml
28104500809|Ropivacain "Fresenius Kabi"|ml|ml
28104531309|Glucose-Na-K Baxter|ml|ml
28104549909|Paracetamol "Fresenius Kabi"|ml|ml
28104574109|Glucos "Baxter" Viaflo|ml|ml
28104623709|Brevibloc|ml|ml
28104639910|Flebogamma DIF|ml|ml
28104677910|Gelaspan|ml|ml
28104851711|Paracetamol "B. Braun"|ml|ml
28104920911|Zoledronsyre Hospira|ml|ml
28104921411|Zoledronsyre "medac"|ml|ml
28104990111|HyQvia|ml|ml
28105070712|Zoledronsyre "SUN"|ml|ml
28105098212|Apomorfin "PharmSwed"|ml|ml
28105165712|Kevesy|ml|ml
28105165812|Kevesy|ml|ml
28105165912|Kevesy|ml|ml
28105187012|Aminoplasmal Elektrolyt|ml|ml
28105196712|Moxifloxacin "Fresenius Kabi"|beholder|beholdere
28104356608|Peyona|ml|ml
28105234513|Bufomix Easyhaler|sug|sug
28120206499|Pulmotec|sug|sug
28101682594|Flixotide|sug|sug
28101728794|Buventol Easyhaler|sug|sug
28101921397|Beclomet Easyhaler|sug|sug
28103291301|Asmanex Twisthaler|sug|sug
28103603803|Giona Easyhaler|sug|sug
28103779905|Formo Easyhaler|sug|sug
28104507809|Bricanyl Turbuhaler|sug|sug
28104549309|Symbicort Forte Turbohaler|sug|sug
28105008712|Spirocort Turbuhaler|sug|sug
28104757410|Seretide Diskus|sug|sug
28105009411|Adasuve|sug|sug
28104458008|Spiriva|inhalationskapsel|inhalationskapsler
28104040006|Osmohale|inhalationskapsel|inhalationskapsler
28104617609|Bronchitol|inhalationskapsel|inhalationskapsler
28105171512|Formoterolfumarat "2care4"|inhalationskapsel|inhalationskapsler
28101398790|Aerobec Autohaler|pust|pust
28103707704|Alvesco|pust|pust
28103707804|Alvesco|pust|pust
28103284901|Salamol|pust|pust
28104809510|Tobi|ampul|ampuller
28103344402|Ventavis|ampul|ampuller
28101454491|Atrovent|ampul|ampuller
28104640910|Spiriva Respimat|pust|pust
28101679294|Nicorette|beholder|beholdere
28103969606|Midazolam "B. Braun"|ml|ml
28103969706|Midazolam "B. Braun"|ml|ml
28103114099|Propofol "B. Braun"|null|null
28103294001|Propofol "B. Braun"|null|null
28103716204|Propolipid|null|null
28103716304|Propolipid|null|null
28104167707|Propofol "B. Braun"|null|null
28101201284|Ultravist|ml|ml
28101530792|Lioresal|mikrogram|mikrogram
28101530992|Lioresal|null|null
28101591194|Cytarabine "Pfizer"|ml|ml
28101591294|Cytarabine "Pfizer"|ml|ml
28101593694|Methotrexate "Pfizer"|ml|ml
28101746695|Adenosin "Life Medical"|ml|ml
28101877697|Optiray|ml|ml
28103049598|Cosmofer|ml|ml
28103127399|Epirubicin "Ebewe"|ml|ml
28103159500|Calciumfolinat "Ebewe"|ml|ml
28103336101|Oxynorm|mg|mg
28103989006|Levofolininsyre "medac"|ml|ml
28104140507|Rocuronium "Hameln"|ml|ml
28104175107|Midazolam "Accord"|ml|ml
28104175207|Midazolam "Accord"|ml|ml
28104187607|Fluorouracil "Accord"|ml|ml
28104220307|Zarzio|null|null
28104220407|Zarzio|null|null
28104246907|Epirubicin "Teva"|ml|ml
28104315108|Palladon|ml|ml
28104315208|Palladon|ml|ml
28104374708|MonoFer|mg|mg
28104747710|Oxycodonhydrochlorid "Orion"|ml|ml
28104866911|Cytarabin "Fresenius Kabi"|ml|ml
28104878811|Naloxon "Hameln"|ml|ml
28100568970|Bleomycin "Baxter"|IE|IE
28101706394|Humalog|enhed|enheder
28101889297|Humulin NPH KwikPen|IE|IE
28100488965|Marcain-adrenalin|ml|ml
28100563969|Fluanxol Depot|ml|ml
28100660875|Fluanxol Depot|ml|ml
28100921177|Ventoline|ml|ml
28101001956|Carbocain-adrenalin|ml|ml
28101002056|Carbocain-adrenalin|ml|ml
28101002156|Carbocain-adrenalin|ml|ml
28101021365|Marcain-adrenalin|ml|ml
28101067681|Veraloc|ml|ml
28101400390|Fluorouracil "Hospira"|ml|ml
28101826596|Twinrix Paediatric|injektionssprøjte|injektionssprøjter
28104930211|Alfacalcidol "Paranova"|ml|ml
28120200493|Metastron|ml|ml
28120201093|Fluor-18-FDG|ml|ml
28120203693|AdreView, Iobenguane (I-123)|ml|ml
28120203793|Sodium Iodide (123-I) GE Healt|ml|ml
28120211193|Gallium (67-Ga) Citrate|ml|ml
28120211593|MIBG (I123)|ml|ml
28120212393|Hippuran (I123) injection|ml|ml
28120214493|Sodium Iodide (131-I) GE Healt|ml|ml
28120215193|(131-I) m-Iodobenzylguanidin D|ml|ml
28120215293|(131-I) m-Iodobenzylguanidin T|ml|ml
28120215693|Indium (In111) Oxinate|ml|ml
28120223205|Fludeoxyglucose (F-18) "Risø"|ml|ml
28101130083|Alk (555) Kattehår|ml|ml
28101130183|Alk (555) Kattehår|ml|ml
28101247685|Alk (552) Hesteskæl|ml|ml
28100985078|Stesolid Emulsion|ml|ml
28101209085|Diprivan|ml|ml
28101583693|Diprivan|ml|ml
28120216500|PCA (18F)  Fludeoxyglucose|ml|ml
28103527003|Apidra|enhed|enheder
28104807710|Novorapid Flex Touch|enhed|enheder
28103171500|APO-go Pen|mg|mg
28100161255|Konakion Novum|ml|ml
28100249157|Akineton|ml|ml
28100391161|Vibeden|ampul|ampuller
28100420162|Lipiodol Ultra Fluid|ml|ml
28100423962|Haldid|ml|ml
28100524267|Beriglobin|ml|ml
28100560069|Bricanyl|ml|ml
28100572170|Marcain|ml|ml
28100633173|Nebcina|ml|ml
28100690176|Aethoxysklerol|ml|ml
28100690276|Aethoxysklerol|ml|ml
28100690576|Aethoxysklerol|ml|ml
28100701476|Adrenalin "DAK"|ml|ml
28100734376|Metadon "DAK"|ml|ml
28100736376|Morfin "DAK"|ml|ml
28100737676|Natriumklorid Isotonisk "DAK"|ml|ml
28100918677|Androcur Depot|ampul|ampuller
28100950767|Stesolid|ml|ml
28100966159|Serenase|ml|ml
28100992678|Temgesic|ml|ml
28101001756|Carbocain|ml|ml
28101001856|Carbocain|ml|ml
28101002855|Methergin|ampul|ampuller
28101005078|Furix|ml|ml
28101018155|Buscopan|ampul|ampuller
28101030079|Seloken|ml|ml
28101041080|Heparin "Leo"|ml|ml
28101052080|Serenase Dekanoat|ml|ml
28101065181|Voltaren|ampul|ampuller
28101083781|Promiten|ml|ml
28101092881|Omnipaque|ml|ml
28101092981|Omnipaque|ml|ml
28101093081|Omnipaque|ml|ml
28101102782|Robinul|ml|ml
28101107782|Oncovin|ml|ml
28101110682|Rapifen|ml|ml
28101142983|Marcain Spinal|ml|ml
28101172783|Emthexate|ml|ml
28101179484|Prostinfenem|ml|ml
28101181284|Hexamycin|ml|ml
28101197284|Omnipaque|ml|ml
28101212185|Burinex|ml|ml
28101286686|Toradol|ml|ml
28101288686|Cisordinol Depot|ml|ml
28101298787|Sandostatin|ampul|ampuller
28101298887|Sandostatin|ampul|ampuller
28101305987|Robinul-Neostigmin|ml|ml
28101310387|Flurablastin|ml|ml
28101313487|Adriamycin|ml|ml
28101318287|Eprex|ml|ml
28101389489|Sufenta|ml|ml
28101389589|Sufenta|ml|ml
28101393390|Neupogen|ml|ml
28101422490|Subcuvia|ml|ml
28101483491|Tuberkulin PPD RT23 "SSI"|ml|ml
28101483691|Tuberkulin PPD RT23 "SSI"|ml|ml
28101508692|Mivacron|ml|ml
28101535792|Prohance|ml|ml
28101536392|Urografin|ml|ml
28101540293|Adenocor|ml|ml
28101556893|Iomeron|ml|ml
28101556993|Iomeron|ml|ml
28101557093|Iomeron|ml|ml
28101557393|Iomeron|ml|ml
28101593294|Visipaque|ml|ml
28101593394|Visipaque|ml|ml
28101714194|Isovorin|ml|ml
28101772295|Nimbex|ml|ml
28101793895|Integrilin|ml|ml
28101896697|Zofran Konserveret|ml|ml
28101931797|Multihance|ml|ml
28101946397|Calciumfolinat "Hospira"|ml|ml
28101956997|S-ketamin "Pfizer"|ml|ml
28103012898|Doxorubicin "Ebewe"|ml|ml
28103021398|Puregon|ml|ml
28103062099|Fentanyl "B. Braun"|ml|ml
28103088499|Foscan|ml|ml
28103144900|Gadovist|ml|ml
28103151500|Fentanyl "Hameln"|ml|ml
28103194200|Sufentanil "Hameln"|ml|ml
28103194300|Sufentanil "Hameln"|ml|ml
28103359902|Ubistesin|ml|ml
28103360002|Ubistesin Forte|ml|ml
28103366802|Humira til pædiatrisk brug|ml|ml
28103548303|Pedea|ml|ml
28103772405|Calciumgluconat "B. Braun"|ml|ml
28103779405|Rebif|injektionssprøjte|injektionssprøjter
28103870505|Rhesonativ|ml|ml
28103885006|Ondansetron "Fresenius Kabi"|ml|ml
28103892106|Increlex|ml|ml
28103970106|Dehydrobenzperidol|ml|ml
28103992906|Anatera|hætteglas|hætteglas
28104011906|Pabal|ampul|ampuller
28104018006|Epirubicin "medac"|ml|ml
28104038806|Ceplene|mg|mg
28104046706|Epirubicin "Actavis"|ml|ml
28104058906|Ondansetron "Hameln"|ml|ml
28104063207|Nalpain|ml|ml
28104078706|Octreotide "Hospira"|ml|ml
28104140807|Glypressin|ampul|ampuller
28104188807|Bridion|ml|ml
28104188907|Relistor|ml|ml
28104199207|Metex|injektionssprøjte|injektionssprøjter
28104236307|Nexodal|ml|ml
28104324008|Xolair|ml|ml
28104328208|Uman Big|ml|ml
28104355908|Dentocaine|ml|ml
28104356008|Dentocaine|ml|ml
28104459408|Elonva|injektionssprøjte|injektionssprøjter
28104500709|Ropivacain "Fresenius Kabi"|ml|ml
28104500909|Ropivacain "Fresenius Kabi"|ml|ml
28104501009|Ropivacain "Fresenius Kabi"|ml|ml
28104501109|Ropivacain "Fresenius Kabi"|ml|ml
28104535109|Rapiscan|dosis|doser
28104553709|Ropivacain "B. Braun"|ml|ml
28104587609|Lidokain "FarmaPlus"|ml|ml
28104587709|Lidokain "FarmaPlus"|ml|ml
28104615709|Gonapeptyl|injektionssprøjte|injektionssprøjter
28104623609|Brevibloc|ml|ml
28104650910|Methylthioniniumchl. Proveblue|ml|ml
28104719810|Paricalcitol "Hospira"|ml|ml
28104730210|Xgeva|dosis|doser
28104735710|Paricalcitol "Alternova"|ml|ml
28104781710|Signifor|ampul|ampuller
28104781810|Signifor|ampul|ampuller
28104781910|Signifor|ampul|ampuller
28104808610|Octreotid "Sun"|ml|ml
28104808710|Octreotid "Sun"|ml|ml
28104808910|Octreotid "Sun"|ml|ml
28104894511|Xion|ml|ml
28105166412|Tranexamic acid "Stragen"|ml|ml
28105170512|Atosiban "SUN"|ml|ml
28105194412|Pilexam|ml|ml
28105218913|Suprefact|ml|ml
28105308713|Diafer|mg|mg
28101592994|Scandonest|ml|ml
28101593094|Scandonest-Adrenalin|ml|ml
28103729003|Apidra|enhed|enheder
28105244013|Ryzodeg 100 Penfill|enhed|enheder
28104583609|Fragmin|injektionssprøjte|injektionssprøjter
28104583709|Fragmin|injektionssprøjte|injektionssprøjter
28104660310|Fragmin|injektionssprøjte|injektionssprøjter
28104740910|Fragmin|injektionssprøjte|injektionssprøjter
28104903011|Fragmin|injektionssprøjte|injektionssprøjter
28105091712|Fragmin|injektionssprøjte|injektionssprøjter
28104888411|Atropin "Stragen"|ml|ml
28101947897|Septanest|injektionssprøjte|injektionssprøjter
28101947997|Septocaine|injektionssprøjte|injektionssprøjter
28103331901|Magnevist|injektionssprøjte|injektionssprøjter
28103458302|Norditropin NordiFlex|mg|mg
28103458402|Norditropin NordiFlex|mg|mg
28103486203|Rhophylac|mikrogram|mikrogram
28103514403|Norditropin NordiFlex|mg|mg
28103571903|Copaxone|injektionssprøjte|injektionssprøjter
28103863205|Eprex|injektionssprøjte|injektionssprøjter
28103942606|Mircera|dosis|doser
28103943106|Mircera|dosis|doser
28104064507|MultiHance|injektionssprøjte|injektionssprøjter
28104244907|Ebetrex|injektionssprøjte|injektionssprøjter
28104247307|Mircera|dosis|doser
28104247607|Mircera|dosis|doser
28104247707|Mircera|dosis|doser
28104433408|Multiferon|injektionssprøjte|injektionssprøjter
28104785010|Efedrin "Stragen"|ml|ml
28104972711|Beriglobin|ml|ml
28105301513|Plegridy|injektionssprøjte|injektionssprøjter
28105301713|Plegridy|injektionssprøjte|injektionssprøjter
28103405702|Dotarem|injektionssprøjte|injektionssprøjter
28103874005|Byetta|dosis|doser
28104592909|Jext|injektionspen|injektionspenne
28104593009|Jext|injektionspen|injektionspenne
28104960411|Tresiba 200 Flextouch|enhed|enheder
28105237313|Tresiba 100 Flextouch|enhed|enheder
28104996811|Lyxumia|dosis|doser
28103786904|Aranesp|dosis|doser
28104506809|Norditropin Flexpro|mg|mg
28104506909|Norditropin Flexpro|mg|mg
28104507009|Norditropin Flexpro|mg|mg
28104853211|Sumatriptan "SUN"|injektionspen|injektionspenne
28104973111|Ryzodeg 100 Flextouch|enhed|enheder
28105087812|Metex Pen|injektionspen|injektionspenne
28105087912|Metex Pen|injektionspen|injektionspenne
28105088012|Metex Pen|injektionspen|injektionspenne
28105088112|Metex Pen|injektionspen|injektionspenne
28105088212|Metex Pen|injektionspen|injektionspenne
28105088312|Metex Pen|injektionspen|injektionspenne
28105088412|Metex Pen|injektionspen|injektionspenne
28105088512|Metex Pen|injektionspen|injektionspenne
28105088712|Metex Pen|injektionspen|injektionspenne
28105170312|Simponi|injektionspen|injektionspenne
28105206612|Bemfola|injektionspen|injektionspenne
28105219513|Lyxumia|dosis|doser
28105301813|Plegridy|injektionspen|injektionspenne
28101940297|Klexane|ml|ml
28104084507|Poliovaccine "SSI"|dosis|doser
28101125283|Trilafon Dekanoat|ml|ml
28105192512|Mabthera|ml|ml
28103270601|Ambirix|injektionssprøjte|injektionssprøjter
28100583470|Lederspan|ml|ml
28101175980|Alk (108) Betula Verrucosa|ml|ml
28101194184|Alk (108) Betula Verrucosa|ml|ml
28101194784|Alk (225) Phleum Pratense|ml|ml
28101231685|Alk (504) Dermatoph. Farinae|ml|ml
28101231785|Alk (504) Dermatoph. Farinae|ml|ml
28101246185|Alk (312) Artemisia Vulgaris|ml|ml
28101248185|Alk (553) Hundehår|ml|ml
28101248285|Alk (553) Hundehår|ml|ml
28101249185|Alk (801) Bigift|ml|ml
28101249285|Alk (801) Bigift|ml|ml
28101249785|Alk (802) Hvepsegift|ml|ml
28101837596|Optison|ml|ml
28103124299|DepoCyte|ml|ml
28103182500|Engerix-B 20 mikrogram/1 ml|dosis|doser
28103526903|Fendrix|injektionssprøjte|injektionssprøjter
28104571909|Triesence|ml|ml
28105034511|Engerix-B|dosis|doser
28103267301|Mixtard 30 Penfill|IE|IE
28101482891|Tetanusvaccine "SSI"|dosis|doser
28101482991|Difterivaccine "SSI"|dosis|doser
28101483091|Difterivaccine "SSI"|dosis|doser
28101574693|Fluarix|injektionssprøjte|injektionssprøjter
28103185296|Vaqta|injektionssprøjte|injektionssprøjter
28103215200|NeisVac-C|injektionssprøjte|injektionssprøjter
28103366702|diTekiBooster|injektionssprøjte|injektionssprøjter
28103530403|DiTeKiPol Booster|injektionssprøjte|injektionssprøjter
28103572303|TicoVac Junior|injektionssprøjte|injektionssprøjter
28103572403|TicoVac|injektionssprøjte|injektionssprøjter
28103648004|diTeBooster|injektionssprøjte|injektionssprøjter
28103724604|NovoMix 70 FlexPen|enhed|enheder
28103007398|Pro-Epanutin|ml|ml
28103410502|Ketesse|ml|ml
28104498509|Ozurdex|implantat|implantater
28100330160|Regenon|kapsel|kapsler
28100911976|Lomustine "Medac"|kapsel|kapsler
28101095182|Venoruton|kapsel|kapsler
28101287386|Dipentum|kapsel|kapsler
28120213693|SeHCAT|kapsel|kapsler
28120215493|Capsion|kapsel|kapsler
28101860996|Modifenac|kapsel|kapsler
28103853405|Equasym Depot|kapsel|kapsler
28104684910|Oracea|kapsel|kapsler
28101867196|Sandimmun Neoral|kapsel|kapsler
28103260901|Sandimmun Neoral|kapsel|kapsler
28103261201|Laxoberal|kapsel|kapsler
28103332601|Navelbine|kapsel|kapsler
28103332701|Navelbine|kapsel|kapsler
28103332901|Navelbine|kapsel|kapsler
28103954206|Imogas|kapsel|kapsler
28104200807|Toctino|kapsel|kapsler
28104200907|Toctino|kapsel|kapsler
28104445008|Aloxi|kapsel|kapsler
28104748610|Vyndaqel|kapsel|kapsler
28105045012|Ciqorin|kapsel|kapsler
28105045112|Ciqorin|kapsel|kapsler
28105045212|Ciqorin|kapsel|kapsler
28105045312|Ciqorin|kapsel|kapsler
28105151712|Xtandi|kapsel|kapsler
28105317613|Vargatef|kapsel|kapsler
28105317713|Vargatef|kapsel|kapsler
28105336213|Metopirone|kapsel|kapsler
28116170104|Sabalin|kapsel|kapsler
52610045993|Bio-Qinon Q10|kapsel|kapsler
52610057196|Ginsana|kapsel|kapsler
52610058197|Prostasan|kapsel|kapsler
52610062198|Prostaplant|kapsel|kapsler
52620008593|E-Vitamin "Natur-Drogeriet"|kapsel|kapsler
52620025593|Bio-E-Vitamin|kapsel|kapsler
28100396662|Tetralysal|kapsel|kapsler
28100535568|Rimactan|kapsel|kapsler
28100539968|Sinquan|kapsel|kapsler
28100616272|Treosulfan "Medac"|kapsel|kapsler
28100658675|Estracyt|kapsel|kapsler
28100674375|Sinquan|kapsel|kapsler
28101001578|Lomudal|kapsel|kapsler
28101003178|Prothiaden|kapsel|kapsler
28101377189|Duact|kapsel|kapsler
28101476891|Rifabutin "Pfizer"|kapsel|kapsler
28101793996|Cystagon|kapsel|kapsler
28101794096|Cystagon|kapsel|kapsler
28101821496|Aktivt Kul "Norit"|kapsel|kapsler
28101905997|Benadryl|kapsel|kapsler
28101953197|Premid|kapsel|kapsler
28101958997|Topimax|kapsel|kapsler
28103212400|Palladon|kapsel|kapsler
28103212500|Palladon|kapsel|kapsler
28103454202|Emend|kapsel|kapsler
28103951706|Trandolapril "Orion"|kapsel|kapsler
28104284908|Celebrex|kapsel|kapsler
28104303808|Adport|kapsel|kapsler
28104303908|Adport|kapsel|kapsler
28104304008|Adport|kapsel|kapsler
28104450208|Combodart|kapsel|kapsler
28104928511|Strattera|kapsel|kapsler
28105050412|Celebrex|kapsel|kapsler
28105099112|Celebrex|kapsel|kapsler
28101454191|Lopedium|kapsel|kapsler
28103493703|Wilzin|kapsel|kapsler
28103493803|Wilzin|kapsel|kapsler
28103918006|Revlimid|kapsel|kapsler
28104098707|Thalidomide "Celgene"|kapsel|kapsler
28104621809|Teysuno|kapsel|kapsler
28104621909|Teysuno|kapsel|kapsler
28104846111|Revlimid|kapsel|kapsler
28104846211|Revlimid|kapsel|kapsler
28104943311|Xalkori|kapsel|kapsler
28104943411|Xalkori|kapsel|kapsler
28105032611|Erivedge|kapsel|kapsler
28105114312|Imnovid|kapsel|kapsler
28105114412|Imnovid|kapsel|kapsler
28105114512|Imnovid|kapsel|kapsler
28105114612|Imnovid|kapsel|kapsler
28105211712|Cometriq|kapsel|kapsler
28105211812|Cometriq|kapsel|kapsler
28105215313|Adport|kapsel|kapsler
28105215413|Adport|kapsel|kapsler
28105309313|Ursochol|kapsel|kapsler
28105324613|Lynparza|kapsel|kapsler
28105327813|Imbruvica|kapsel|kapsler
28105405914|Revlimid|kapsel|kapsler
28116104107|Husk Psyllium-frøskaller|kapsel|kapsler
28120212593|Sodium Iodide (I-131) T|kapsel|kapsler
28120213493|Theracap|kapsel|kapsler
28120214393|Sodium Iodide (131-I) Diag. GE|kapsel|kapsler
28120224308|Moniyot-131 Capsule D|kapsel|kapsler
28120224408|Moniyot-131 Capsule T|kapsel|kapsler
52610034293|Tempel|kapsel|kapsler
52610056896|EFI Ginkgo Biloba|kapsel|kapsler
52610057296|VitaCare Vitabutin|kapsel|kapsler
52610059497|Modigen|kapsel|kapsler
52610061597|Ã†gte Venustorn|kapsel|kapsler
52610064598|Velzina|kapsel|kapsler
52610064798|Calmigen Caps|kapsel|kapsler
52610066599|VitaCare Ginkgo Biloba|kapsel|kapsler
28104042806|Torisel|ml|ml
28100696076|Vitalipid Adult|ml|ml
28100697276|Vitalipid Infant|ml|ml
28101146083|Zantac|mg|mg
28101056980|Dopmin|ml|ml
28101109682|Sandimmun|ml|ml
28101116782|Prostivas|ml|ml
28101136583|Ventoline|ml|ml
28101172683|Rocephalin|gram|gram
28101172883|Emthexate|ml|ml
28101183484|Addiphos|ml|ml
28101253786|Tracel|ml|ml
28101297387|Dobutrex|ml|ml
28101408090|Carboplatin "Hospira"|ml|ml
28101505892|Glycophos|ml|ml
28101563093|Peditrace|ml|ml
28101677794|Prograf|ml|ml
28101722594|Eposid|ml|ml
28101777095|Daunoxome|ml|ml
28101939897|Ilomedin|ml|ml
28101944297|Cisplatin "Hospira"|ml|ml
28103032498|Aciclovir "Hospira"|mg|mg
28103041098|Mitoxantron "Ebewe"|ml|ml
28103056598|Etoposid "Ebewe"|ml|ml
28103061799|Normosang|ml|ml
28103261301|Cisplatin "Ebewe"|mg|mg
28103312201|Pamidronatdinatrium "Hospira"|mg|mg
28103312301|Pamidronatdinatrium "Hospira"|mg|mg
28103312401|Pamidronatdinatrium "Hospira"|mg|mg
28103361802|Aldurazyme|ml|ml
28103362802|Busilvex|ml|ml
28103430302|Bondronat|mg|mg
28103575403|Navirel|ml|ml
28103605303|Pamifos|mg|mg
28103703204|Paclitaxel "Hospira"|mg|mg
28103764605|Naglazyme|ml|ml
28103780005|Paclitaxel "Pharmachemie"|ml|ml
28103782405|Novastan|ml|ml
28103924706|Vinorelbin "Ebewe"|ml|ml
28103993006|Oxaliplatin "Hospira"|ml|ml
28104018606|Paclitaxel "Actavis"|ml|ml
28104024606|Irinotecan "Actavis"|ml|ml
28104028606|Soliris|hætteglas|hætteglas
28104099607|Vinorelbin "Actavis"|ml|ml
28104134307|Irinokabi|ml|ml
28104134407|Carboplatin "Accord"|ml|ml
28104192707|Docetaxel "Hospira"|ml|ml
28104194507|Oxaliplatin "Fresenius Kabi"|mg|mg
28104317408|Carboplatin "Actavis"|ml|ml
28104333808|Gemstada|mg|mg
28104407708|Doxorubicin "Accord"|ml|ml
28104418308|Oxaliplatin "Accord"|ml|ml
28104441908|Cisplatin "Accord"|mg|mg
28104473809|Arzerra|mg|mg
28104478709|Gemcitabin "Hospira"|ml|ml
28104536209|Docetaxel "Actavis"|mg|mg
28104552809|Topotecan "Hospira"|mg|mg
28104569609|Brinavess|ml|ml
28104617909|Gemcitabin "Sandoz"|ml|ml
28104713610|Yervoy|ml|ml
28104782510|Levetiracetam "SUN"|ml|ml
28104789810|Dexdor|ml|ml
28104806210|Carboplatin "Fresenius Kabi"|ml|ml
28104850110|Topotecan "Accord"|ml|ml
28104897311|Zoledronsyre "SUN"|ml|ml
28104905011|Zoledronsyre "Actavis"|ml|ml
28104921111|Defitelio|ml|ml
28104921311|Zoledronsyre "medac"|ml|ml
28104933511|Docetaxel "Kabi"|ml|ml
28104993111|Perjeta|mg|mg
28105019112|Zaltrap|mg|mg
28105087611|Docetaxel "Kabi"|ml|ml
28105091212|Lemtrada|ml|ml
28105228912|Levetiracetam "Hospira"|ml|ml
28105248613|Gazyvaro|mg|mg
28105295813|Vimizim|ml|ml
28105320313|Noxafil|mg|mg
28105320613|Cyramza|mg|mg
28105554415|Docetaxel "Kabi"|ml|ml
28103874705|Fludarabinphosph. Pharmachemie|ml|ml
28104011706|Amiodaron "Stragen"|ml|ml
28104131807|Granisetron "Hameln"|mg|mg
28104194007|Fludarabinphosphat "Ebewe"|ml|ml
28105102512|Fludarabinphosphat "Actavis"|ml|ml
28104989211|Jetrea|ml|ml
28104876111|Olopeg|ml|ml
28100965364|Betnovat|påføring|påføringer
28101227485|Wartec|påføring|påføringer
28105006111|Actikerall|påføring|påføringer
28100833780|Verucid|påføring|påføringer
28101444991|Xylocain|påføring|påføringer
28104418908|Propiosalic|påføring|påføringer
28104047506|Med. dinitro.oxid Yara Praxair|null|null
28104084807|Niontix|null|null
28104268308|Med. Dinitro.oxid Strandmøllen|null|null
28104841411|Med. Dinitro.oxid Air Liquide|null|null
28103926106|Conoxia 100 %|null|null
28104049306|Med. oxygen "Yara Praxair" 100|null|null
28104081507|AIRAPY|null|null
28104264407|Livopan|null|null
28104264607|Medicinsk luft "Yara Praxair"|null|null
28104267408|Med. Oxygen "Strandmøllen"|null|null
28104428408|Medimix|null|null
28104922511|Med. Oxygen "Air Liquide" 100%|null|null
28104922711|Med. Luft "Air Liquide" 100%|null|null
28104941811|Kalinox|null|null
28104986611|Latox|null|null
28105156912|Vasokinox|null|null
28103926006|Conoxia 100 %|null|null
28104049406|Med. oxygen "Yara Praxair" 100|null|null
28104267308|Med. Oxygen "Strandmøllen"|null|null
28104286008|Med. Oxygen "Air Liquide" 100%|null|null
28104753910|Onytec|påsmøring|påsmøringer
28116167800|Termo|plaster|plastre
28104444008|Nicorette Whitemint|tyggegummi|tyggegummier
28104444108|Nicorette Whitemint|tyggegummi|tyggegummier
28104184707|Zonnic Peppermint|pust|pust
28104631909|Nicorette QuickMist|pust|pust
28104768110|Buccolam|sprøjte til munden|sprøjter til munden
28104768010|Buccolam|sprøjte til munden|sprøjter til munden
28101253286|Andolex|ml|ml
28101180484|Zymelin|dråbe|dråber
28101687194|Octostim|pust|pust
28104816110|Xylometazolin "Teva"|pust|pust
28100315259|Syntocinon|pust|pust
28101363689|Lomudal Nasal|pust|pust
28101407390|Minirin|pust|pust
28101475291|Allergodil|pust|pust
28101543193|Nicorette|pust|pust
28101839196|Otrivin Junior ukonserveret|pust|pust
28101839296|Otrivin ukonserveret|pust|pust
28101902497|Otrivin Menthol ukonserveret|pust|pust
28103056398|Zymelin ukonserveret|pust|pust
28103056498|Zymelin ukonserveret|pust|pust
28103089999|Zymelin Menthol Ukonserveret|pust|pust
28103772305|Klarigen|pust|pust
28104273308|Instanyl|pust|pust
28104273408|Instanyl|pust|pust
28104273508|Instanyl|pust|pust
28104680510|Instanyl|pust|pust
28104680610|Instanyl|pust|pust
28104680710|Instanyl|pust|pust
28101346388|Benaliv|pust|pust
28101314287|Alk Soluprick Positiv Kontrol|dråbe|dråber
28100862185|Alk 603 Appelsin|dråbe|dråber
28100862585|Alk 620 Gulerod|dråbe|dråber
28100862885|Alk 654 Tomat|dråbe|dråber
28100863085|Alk 701 Hønseæg|dråbe|dråber
28100863285|Alk 703 Ã†ggehvide|dråbe|dråber
28100863385|Alk 713 Komælk Rå|dråbe|dråber
28100863485|Alk 714 Komælk Kogt|dråbe|dråber
28100863785|Alk 725 Sild|dråbe|dråber
28100863885|Alk 726 Torsk|dråbe|dråber
28100863985|Alk 729 Krabbe|dråbe|dråber
28100864085|Alk 731 Reje|dråbe|dråber
28100864185|Alk 743 Hønsekød|dråbe|dråber
28100864585|Alk 750 Svinekød|dråbe|dråber
28100864685|Alk 761 Hasselnød|dråbe|dråber
28100864785|Alk 762 Jordnød|dråbe|dråber
28100865385|Alk 778 Sojabønne|dråbe|dråber
28100865485|Alk 779 Hvedemel|dråbe|dråber
28100865585|Alk 780 Rugmel|dråbe|dråber
28100865685|Alk 781 Havremel|dråbe|dråber
28100866585|Alk 117 Fraxinus Excelsior|dråbe|dråber
28100871685|Alk 402 Alternaria Alternata|dråbe|dråber
28100871985|Alk 405 Aspergillus Fumigatus|dråbe|dråber
28100873485|Alk 417 Cladosporium Herbarum|dråbe|dråber
28100874885|Alk 430 Penicillium Expansum|dråbe|dråber
28100875185|Alk 433 Penicillium Notatum|dråbe|dråber
28100880585|Alk 523 Hønsefjer|dråbe|dråber
28100880785|Alk 524 Undulatfjer|dråbe|dråber
28100881185|Alk 554 Kaninhår|dråbe|dråber
28100881385|Alk 556 Kohår|dråbe|dråber
28100881585|Alk 557 Marsvinehår|dråbe|dråber
28100881785|Alk 560 Rottehår|dråbe|dråber
28100882185|Alk 563 Hamsterhår|dråbe|dråber
28100866385|Alk (504) Dermatoph. Farinae|dråbe|dråber
28100883485|Alk (218) Festuca Pratensis|dråbe|dråber
28100884085|Alk (231) Secale Cereale|dråbe|dråber
28100884485|Alk (312) Artemisia Vulgaris|dråbe|dråber
28100884685|Alk (552) Hesteskæl|dråbe|dråber
28100884885|Alk (553) Hundehår|dråbe|dråber
28100885085|Alk (555) Kattehår|dråbe|dråber
28100886085|Alk (113) Corylus Avellana|dråbe|dråber
28101265686|Alk (801) Bigift|dråbe|dråber
28101265886|Alk (802) Hvepsegift|dråbe|dråber
28101276285|Alk (108) Betula Verrucosa|dråbe|dråber
28101276485|Alk (225) Phleum Pratense|dråbe|dråber
28101229285|Alk (503) Dermatoph. Pteronys.|dråbe|dråber
28100834380|Dolodent|pensling|penslinger
28100107155|Benylan|ml|ml
28100304259|Serenase|ml|ml
28100400362|Zarondan|ml|ml
28100602971|Bricanyl|ml|ml
28100716376|Pectyl Brystdråber "DAK"|ml|ml
28100716476|Pectyl Stærke Brystdråber DAK|ml|ml
28100725976|Kodein "DAK"|ml|ml
28100726076|Kodein Stærk "DAK"|ml|ml
28100814078|Kaliumklorid "PS"|ml|ml
28100983278|Imodium|ml|ml
28101136683|Dexofan|ml|ml
28101315187|Lioresal|ml|ml
28103115799|Oxynorm|ml|ml
28103115899|Oxynorm|ml|ml
28103117299|Benylan|ml|ml
28103646404|Xyrem|ml|ml
28103711804|Lactulose "MIP"|ml|ml
28103805605|RotaTeq|tube|tuber
28104226207|Vedrop|ml|ml
28104251407|Flavamed|måleske|måleskeer
28104505509|Bonasol|flaske|flasker
28104683110|Diovan|ml|ml
28105124511|Lactulose "Sandoz"|ml|ml
28101776895|Epivir|ml|ml
28103018198|Ziagen|ml|ml
28103172500|Kaletra|ml|ml
28103734404|Baraclude|ml|ml
28105255213|Hemangiol|mg|mg
28120224508|Moniyot-131 Oral Solution|ml|ml
52610050793|Salina DAK|ml|ml
52610052893|Norske Brystdråber DAK|ml|ml
52610067100|Futura Hostlet|ml|ml
28100853284|Microtrast|spiseskefuld|spiseskefulde
28100417072|Fucidin|ml|ml
28100993478|Vermox|ml|ml
28101022079|Trimopan|ml|ml
28101096082|Flagyl|ml|ml
28101322288|Bonyl|ml|ml
28104239307|Rotarix|sprøjte til munden|sprøjter til munden
28104569109|Galieve Cool Mint|ml|ml
28104779210|Inovelon|ml|ml
28100464864|Link|ml|ml
28104737410|Xaluprine|ml|ml
28104894611|Prezista|ml|ml
28104569009|Galieve Cool Mint|brev|breve
28101326888|Mixobar Colon|ml|ml
28100646174|Rivotril|dråbe|dråber
28101050680|Diural|dråbe|dråber
52610020793|Physio-JHP|dråbe|dråber
52610062097|China-Oel|dråbe|dråber
52610016593|Echinaforce|dråbe|dråber
52610056596|Echinagard|ml|ml
52610065098|Bronchosan|dråbe|dråber
28101068581|Cisordinol|dråbe|dråber
28103812605|Xyzal|dråbe|dråber
28104673610|Detremin|dråbe|dråber
28103842605|Cystadane|måleske|måleskeer
28104868611|Fosrenol|brev|breve
28104868711|Fosrenol|brev|breve
52620007993|Mega Calciumascorbat|måleske|måleskeer
28116164298|Sinupret|tablet|tabletter
28116164298|Sinupret|tablet|tabletter
28116164998|Sinova|tablet|tabletter
28116169303|Sinupret Forte|tablet|tabletter
28116169403|Sinova Forte|tablet|tabletter
52610026893|Prosan Nat|tablet|tabletter
52610057696|Danisan Nat|tablet|tabletter
52610059297|Neurokan|tablet|tabletter
52610061197|Drogen`s Stærk Baldrian citrm.|tablet|tabletter
52610061297|Valerina Forte|tablet|tabletter
52610061397|Kwai 300|tablet|tabletter
52610065198|Arctic Root rosenrod|tablet|tabletter
28100042855|Methergin|tablet|tabletter
28100096555|Neo-mercazole|tablet|tabletter
28100270558|Sendoxan|tablet|tabletter
28100474065|Buronil|tablet|tabletter
28100570370|Sandomigrin|tablet|tabletter
28100615872|Catapresan|tablet|tabletter
28100711576|Ergokoffin|tablet|tabletter
28101003278|Prothiaden|tablet|tabletter
28101030479|Triquilar|tablet|tabletter
28101697094|Centyl Mite med Kaliumklorid|tablet|tabletter
28103651804|Oraqix|ampul|ampuller
28101562393|Nutrineal PD4|liter|liter
28101876197|Extraneal|liter|liter
28103091899|Physioneal 40 Glucose 1,36%w/v|liter|liter
28103091999|Physioneal 40 Glucose 2,27%w/v|liter|liter
28103092099|Physioneal 40 Glucose 3,86%w/v|liter|liter
28103106899|Selutrio 10|liter|liter
28103107299|Selutrio 40|liter|liter
28103454402|Physioneal 35 Glucose Clear-F|liter|liter
28103454502|Physioneal 35 Glucose Clear-F|liter|liter
28103466503|Physioneal 40 Glucose Clear-F|liter|liter
28103466603|Physioneal 40 Glucose Clear-F|liter|liter
28103466703|Physioneal 40 Glucose Clear-F|liter|liter
28103513203|Physioneal 35 Glucose 1,36%w/v|liter|liter
28103513303|Physioneal 35 Glucose 2,27%w/v|liter|liter
28103308001|bicaVera1,5%gluco,1,75mmol/lCa|liter|liter
28103308101|bicaVera2,3%gluco,1,75mmol/lCa|liter|liter
28103308201|bicaVera4,25%gluc,1,75mmol/lCa|liter|liter
28103049998|balance1,5%glucos.1,75mmolCa/l|liter|liter
28103050098|balance2,3%glucos.1,75mmolCa/l|liter|liter
28103050198|balance4,25%glucos1,75mmolCa/l|liter|liter
28103204400|balance1,5%glucos.1,25mmolCa/l|liter|liter
28103204500|balance4,25%glucos1,25mmolCa/l|liter|liter
28103204600|balance2,3%glucos.1,25mmolCa/l|liter|liter
28104208007|True Test|plaster|plastre
28104821010|NexoBrid|påsmøring|påsmøringer
28104843610|NexoBrid|påsmøring|påsmøringer
28104435808|Menveo|ml|ml
28103878505|Prolastina|ml|ml
28105204012|Cefuroxim "B. Braun"|mg|mg
28105204112|Cefuroxim "B. Braun"|mg|mg
28105407814|Vfend|mg|mg
28101081381|Atenativ|IE|IE
28104300008|Venbig|IE|IE
28101258786|Antitrombin III "Baxter"|ml|ml
28101687694|Granocyte|mikrogram|mikrogram
28103066599|Luveris|IE|IE
28101824196|Xefo|hætteglas|hætteglas
28104638410|Xiapex|ml|ml
28100467764|Estradurin|mg|mg
28100549668|Solu-medrol|mg|mg
28101171783|Rabies-imovax|dosis|doser
28101174583|Rocephalin|gram|gram
28101231085|Alk (503) Dermatoph. Pteronys.|ml|ml
28101231385|Alk (504) Dermatoph. Farinae|ml|ml
28101236085|Alk (108) Betula Verrucosa|ml|ml
28101249385|Alk (801) Bigift|ml|ml
28101249985|Alk (802) Hvepsegift|ml|ml
28101570193|Humatrope|mg|mg
28101570293|Humatrope|mg|mg
28101582393|Gonal-f|IE|IE
28101824696|Genotropin Miniquick|injektionssprøjte|injektionssprøjter
28101824796|Genotropin Miniquick|injektionssprøjte|injektionssprøjter
28101824896|Genotropin Miniquick|injektionssprøjte|injektionssprøjter
28101824996|Genotropin Miniquick|injektionssprøjte|injektionssprøjter
28101825096|Genotropin Miniquick|injektionssprøjte|injektionssprøjter
28101825196|Genotropin Miniquick|injektionssprøjte|injektionssprøjter
28101825296|Genotropin Miniquick|injektionssprøjte|injektionssprøjter
28101825396|Genotropin Miniquick|injektionssprøjte|injektionssprøjter
28101825496|Genotropin Miniquick|injektionssprøjte|injektionssprøjter
28101825596|Genotropin Miniquick|injektionssprøjte|injektionssprøjter
28103055899|Helixate NexGen|hætteglas|hætteglas
28103068199|Helixate NexGen|hætteglas|hætteglas
28103068299|Helixate NexGen|hætteglas|hætteglas
28103108599|Genotropin|mg|mg
28103119499|Metalyse|enhed|enheder
28103295801|Zeldox|ml|ml
28103800305|Bravelle|hætteglas|hætteglas
28103852005|Fostimon|hætteglas|hætteglas
28104131507|Helixate NexGen|hætteglas|hætteglas
28104160407|Novoseven|ml|ml
28104160507|Novoseven|ml|ml
28104160607|Novoseven|ml|ml
28104399508|Variquel|hætteglas|hætteglas
28104563109|Menopur|IE|IE
28104749010|Willfact|IE|IE
28104784510|Novoseven|ml|ml
28104848711|Revestive|ml|ml
28104917311|NovoThirteen|ml|ml
28104973911|Benefix|injektionssprøjte|injektionssprøjter
28105038112|Menopur|IE|IE
28105043712|Menopur|IE|IE
28105185912|Meropur|IE|IE
28105195812|Meropur|IE|IE
28105213012|NovoEight|ml|ml
28105213112|NovoEight|ml|ml
28105213212|NovoEight|ml|ml
28105213312|NovoEight|ml|ml
28105213412|NovoEight|ml|ml
28105213512|NovoEight|ml|ml
28105231013|Menopur|IE|IE
28105262413|Solu-Medrol|mg|mg
28101096682|Pregnyl|IE|IE
28101457491|Act-hib|dosis|doser
28104885411|Nimenrix|dosis|doser
28105320813|PegIntron|ml|ml
28105321013|PegIntron|ml|ml
28105321113|PegIntron|ml|ml
28103613003|Kogenate "Bayer" BIO-SET|hætteglas|hætteglas
28103613103|Kogenate "Bayer" BIO-SET|hætteglas|hætteglas
28103613203|Kogenate "Bayer" BIO-SET|hætteglas|hætteglas
28104131407|Kogenate "Bayer" BIO-SET|hætteglas|hætteglas
28104226407|Benefix|IE|IE
28104621711|Kogenate "Bayer" BIO-SET|hætteglas|hætteglas
28104687210|Refacto AF|IE|IE
28104687310|Refacto AF|IE|IE
28104687410|Refacto AF|IE|IE
28104687510|Refacto AF|IE|IE
28105092312|ReFacto AF|IE|IE
28105327913|Novoseven|ml|ml
28105328013|Novoseven|ml|ml
28105328113|Novoseven|ml|ml
28105328213|Novoseven|ml|ml
28101476291|BCG Vaccine "SSI"|ml|ml
28101706094|Sandostatin Lar|hætteglas|hætteglas
28101706194|Sandostatin Lar|hætteglas|hætteglas
28101378889|Decapeptyl Depot|dosis|doser
28101488092|Stamaril|dosis|doser
28103284701|DiTeKiPol/Act-Hib|dosis|doser
28104036406|Salvacyl|dosis|doser
28104762410|Procren Depot|dosis|doser
28104762510|Procren Depot|dosis|doser
28103812405|Zostavax|dosis|doser
28104322508|Cayston|dosis|doser
28103065799|Infanrix Hexa|dosis|doser
52610000293|Husk Psyllium-frøskaller|måleske|måleskeer
28103237101|InductOs|mg|mg
28103065499|Osigraft|mg|mg
28104119307|Opgenra|mg|mg
28104906611|Promixin|IE|IE
28100926053|Abboticin|mg|mg
28101053180|Zinacef|mg|mg
28101365989|Treosulfan "Medac"|mg|mg
28101366089|Treosulfan "Medac"|mg|mg
28101758295|Vancomycin "Hospira"|mg|mg
28101758395|Vancomycin "Hospira"|mg|mg
28101781695|Vancomycin "Xellia"|mg|mg
28101781795|Vancomycin "Xellia"|mg|mg
28103739704|Ceftriaxon "Villerton"|mg|mg
28103946706|Piperacil./Tazobactam "Sandoz"|mg|mg
28103946806|Piperacil./Tazobactam "Sandoz"|mg|mg
28104247807|Vancomycin "Sandoz"|mg|mg
28101313787|Cymevene|mg|mg
28101502192|Thymoglobuline|mg|mg
28101899297|Dacarbazine "Medac"|mg|mg
28103968506|Ceftriaxon "Stragen"|gram|gram
28104035606|Piperacil/Tazobac."Reig Jofre"|mg|mg
28104035706|Piperacil/Tazobac."Reig Jofre"|mg|mg
28104052506|Piperacil./Tazobac. "Stragen"|mg|mg
28104052606|Piperacil./Tazobac. "Stragen"|mg|mg
28104139907|Gemcitabin "Accord"|mg|mg
28104140007|Gemcitabin "Accord"|mg|mg
28104373708|Gemcitabin "Fresenius Kabi"|mg|mg
28104655210|Bactocin|mg|mg
28104655310|Bactocin|mg|mg
28104686410|Gemcitabin "Accord"|mg|mg
28104721510|Benlysta|mg|mg
28104721610|Benlysta|mg|mg
28104926211|Ceftriaxon "MIP"|gram|gram
28100523967|Pentrexyl|mg|mg
28100563869|Pentrexyl|mg|mg
28100973678|Zinacef|mg|mg
28101140583|Pentrexyl|mg|mg
28101182184|Diclocil|mg|mg
28101494092|Nipent|mg|mg
28101899197|Dacarbazine "Medac"|mg|mg
28101901897|Cefuroxim "Stragen"|mg|mg
28101901997|Cefuroxim "Stragen"|mg|mg
28103249901|Benzylpenicillin "Panpharma"|ml|ml
28103250701|Benzylpenicillin "Panpharma"|ml|ml
28103250801|Benzylpenicillin "Panpharma"|ml|ml
28103270301|Cernevit|hætteglas|hætteglas
28104017706|Piperacil/Tazobact "Fres. Kabi|gram|gram
28104081907|Fludarabinphosphat "Actavis"|mg|mg
28104097007|Cefuroxim "Villerton"|mg|mg
28104273208|Ceftazidim "Fresenius Kabi"|mg|mg
28104465309|Meropenem "Hospira"|mg|mg
28104465409|Meropenem "Hospira"|mg|mg
28104591609|Meropenem "Eberth"|mg|mg
28104591709|Meropenem "Eberth"|mg|mg
28104678710|Riastap|mg|mg
28104759310|Esomeprazol "SUN"|mg|mg
28104906311|Cefuroxim "MIP"|mg|mg
28104916111|Nexium|mg|mg
28104926111|Ceftriaxon "MIP"|gram|gram
28105160112|Esomeprazol "Stada"|mg|mg
28100366461|Velbe|mg|mg
28100448264|Sendoxan|mg|mg
28100694076|Ampicillin "PCD"|mg|mg
28100694176|Ampicillin "PCD"|mg|mg
28100920177|Adriamycin|mg|mg
28100920277|Adriamycin|mg|mg
28100974658|Sendoxan|mg|mg
28101352589|Selexid|mg|mg
28101883997|Doxorubin|mg|mg
28101884097|Doxorubin|mg|mg
28101901797|Cefuroxim "Stragen"|mg|mg
28101918197|Pantoloc|hætteglas|hætteglas
28103365002|Dynastat|mg|mg
28103573703|Ceftazidim "Sandoz"|mg|mg
28103573803|Ceftazidim "Sandoz"|mg|mg
28103697304|Kepivance|mg|mg
28103739604|Ceftriaxon "Villerton"|gram|gram
28103968306|Ceftriaxon "Stragen"|gram|gram
28104096607|Cefuroxim "Fresenius Kabi"|mg|mg
28104096707|Cefuroxim "Fresenius Kabi"|mg|mg
28104252607|Nplate|mg|mg
28104273108|Ceftazidim "Fresenius Kabi"|mg|mg
28104275408|Doxorubicin "Actavis"|mg|mg
28104314108|Pantoprazol "Actavis"|hætteglas|hætteglas
28104454608|Ilaris|mg|mg
28104510709|Nplate|mg|mg
28104603909|Botox|enhed|enheder
28104657010|Dysport|enhed|enheder
28104734910|Xeomin|enhed|enheder
28104875411|Xeomin|enhed|enheder
28104894011|Aprokam|ml|ml
28104906211|Cefuroxim "MIP"|mg|mg
28104955411|Pentocur|null|null
28104096807|Cefuroxim "Villerton"|mg|mg
28104096907|Cefuroxim "Villerton"|mg|mg
28101931897|Cellcept|mg|mg
28103212300|Zitromax|mg|mg
28104525909|Vancomycin "Fresenius Kabi"|mg|mg
28103761904|Myozyme|mg|mg
28103762004|Cubicin|mg|mg
28103762104|Cubicin|mg|mg
28104363008|Tepadina|mg|mg
28104363108|Tepadina|mg|mg
28104559209|Topotecan "Fresenius Kabi"|mg|mg
28104670710|Nulojix|mg|mg
28104735810|Topotecan "Accord"|mg|mg
28104865511|Zinforo|mg|mg
28104931611|Adcetris|mg|mg
28104932011|Dacogen|mg|mg
28105105112|Levact|mg|mg
28105238113|Bendamustinhydrochlorid Accord|mg|mg
28105331813|Sylvant|mg|mg
28104794210|Pixuvri|mg|mg
28103946906|Gliolan|ml|ml
28104036106|Valcyte|mg|mg
28105168912|Mucolysin|brev|breve
28104552909|Moviprep Appelsin|sæt breve A+B|sæt breve A+B
28101594294|Panodil Hot|brev|breve
28103538103|Endofalk|brev|breve
28103809105|Diacomit|brev|breve
28103809205|Diacomit|brev|breve
28104908311|Revatio|ml|ml
28100907976|Lestid|brev|breve
28100587871|Resonium Calcium|måleske|måleskeer
28120211993|Indium (In111) Chloride|dosis|doser
28120214293|Sodium Chromate (51-Cr) GE Hea|dosis|doser
28120218601|Ytracis|dosis|doser
28120225010|Cuprymina|dosis|doser
28123656104|Yttriga|dosis|doser
28120222503|Zevalin|null|null
28120200293|Cardiolite|null|null
28120200393|TechneScan MAG3|null|null
28120200893|Ceretec|null|null
28120200993|Neurolite|null|null
28120201293|OctreoScan|null|null
28120201694|UltraTag RBC|null|null
28120202399|Stabilised Ceretec|null|null
28120205593|Nanocis|null|null
28120205693|Vasculocis|null|null
28120205893|Pentacis|null|null
28120206193|Renocis|null|null
28120210193|Bridatec|null|null
28120210793|Maasol|null|null
28120210893|Nanocoll|null|null
28120211093|Venticoll|null|null
28120211293|TechneScan HDP|null|null
28120211393|TechneScan DTPA|null|null
28120211693|TechneScan DTPA/Aerosol|null|null
28120212493|TechneScan DMSA|null|null
28120212693|TechneScan PYP|null|null
28120215393|Teceos|null|null
28120215993|TechneScan LyoMAA|null|null
28120222302|Myoview|null|null
28120223607|Medi-MIBI|null|null
28120223707|Technescan Sestamibi|null|null
28120224007|Draxmibi|null|null
28120224108|Stamicis|null|null
28120224208|Scintimun|null|null
28120224810|NanoScan|null|null
28124913311|Edicis|null|null
28124948211|Medi-Exametazim|null|null
28120205293|Elumatic III Technetium 99m-Tc|null|null
28120211493|Ultra-Technekow FM|null|null
28120211893|KryptoScan|null|null
28120213793|Drytec TM|null|null
28120215593|Rb-81/Kr-81m til ventilation|null|null
28120224609|Montek|null|null
28124875811|Tekcis|null|null
28125223113|Galliapharm|null|null
28103758404|Proctosedyl|påsmøring|påsmøringer
28103851805|Rectogesic|påsmøring|påsmøringer
28105046512|Salofalk|dosis|doser
28101929797|Stesolid|rektalsprøjte|rektalsprøjter
28104986211|Pentasa|rektaltube|rektaltuber
28100571570|Toilax|rektaltube|rektaltuber
28103982006|Abstral|resoriblet|resoribletter
28104981011|Recivit|resoriblet|resoribletter
28104981111|Recivit|resoriblet|resoribletter
28104981211|Recivit|resoriblet|resoribletter
28100740376|Nitroglycerin "DAK"|resoriblet|resoribletter
28100740476|Nitroglycerin "DAK"|resoriblet|resoribletter
28101817296|Nicorette Microtab Classic|resoriblet|resoribletter
28103898406|Nicorette Microtab Lemon|resoriblet|resoribletter
28103981706|Abstral|resoriblet|resoribletter
28103981806|Abstral|resoriblet|resoribletter
28103981906|Abstral|resoriblet|resoribletter
28103982106|Abstral|resoriblet|resoribletter
28103982206|Abstral|resoriblet|resoribletter
28104980311|Veregen|påsmøring|påsmøringer
28100049355|Hydrocortison med Terramycin|påsmøring|påsmøringer
28100052255|Terramycin-Polymyxin B|påsmøring|påsmøringer
28100103155|Hirudoid|påsmøring|påsmøringer
28100105055|Inotyol|påsmøring|påsmøringer
28100186556|Silan|påsmøring|påsmøringer
28100599571|Locoid|påsmøring|påsmøringer
28100604472|Metosyn|påsmøring|påsmøringer
28100718476|Hydrokortison "DnE"|påsmøring|påsmøringer
28100947049|Xylocain|påsmøring|påsmøringer
28100965264|Betnovat|påsmøring|påsmøringer
28100990562|Synalar|påsmøring|påsmøringer
28101502892|Bactroban|påsmøring|påsmøringer
28101340388|Nix|vask|vask
28101720894|Nizoral|vask|vask
28103321801|Pamol Flash|tablet|tabletter
28104053706|OxyNorm Dispersa|tablet|tabletter
28104053806|OxyNorm Dispersa|tablet|tabletter
28104053906|OxyNorm Dispersa|tablet|tabletter
28104401508|Pinex Smelt|tablet|tabletter
28104401608|Pinex Smelt|tablet|tabletter
28104462408|Cipralex Meltz|tablet|tabletter
28104462508|Cipralex Meltz|tablet|tabletter
28101884897|Glytrin|pust|pust
28104783310|Nicorette Cooldrops|sugetablet|sugetabletter
28104888311|Mucoangin Citron|sugetablet|sugetabletter
52610016493|Echinaforce|sugetablet|sugetabletter
52610056696|Echinagard|sugetablet|sugetabletter
28100290259|Strepsils|sugetablet|sugetabletter
28101063881|Hexokain|sugetablet|sugetabletter
28103062299|Nicotinell Mint|sugetablet|sugetabletter
28103126299|Zyx mint|sugetablet|sugetabletter
28103231701|Actiq|sugetablet|sugetabletter
28103231801|Actiq|sugetablet|sugetabletter
28103232001|Actiq|sugetablet|sugetabletter
28103232101|Actiq|sugetablet|sugetabletter
28103232201|Actiq|sugetablet|sugetabletter
28103391802|Nicotinell Mint|sugetablet|sugetabletter
28103559503|Mucoangin|sugetablet|sugetabletter
28103602603|Zyx citron|sugetablet|sugetabletter
28104242207|Strefen|sugetablet|sugetabletter
28104545309|Strepsils Cool|sugetablet|sugetabletter
28104545409|Strepsils Honning & Citron|sugetablet|sugetabletter
28104596509|Zyx appelsin & honning|sugetablet|sugetabletter
28104596609|Zyx eukalyptus|sugetablet|sugetabletter
28104641910|Strepsils Warm|sugetablet|sugetabletter
28104674110|Strepsils Jordbær Sukkerfri|sugetablet|sugetabletter
28104954311|Strepsils Citrus Sukkerfri|sugetablet|sugetabletter
28100971368|Confortid|rektal stikpille|rektale stikpiller
28101337888|Paracetamol "Soneva Pharm"|rektal stikpille|rektale stikpiller
28100320959|Dulcolax|rektal stikpille|rektale stikpiller
28100538768|Confortid|rektal stikpille|rektale stikpiller
28100571270|Stesolid|rektal stikpille|rektale stikpiller
28100743376|Petidin "DAK"|rektal stikpille|rektale stikpiller
28100810078|Glycerol "OBA"|rektal stikpille|rektale stikpiller
28100948557|Perilax|rektal stikpille|rektale stikpiller
28100950870|Stesolid|rektal stikpille|rektale stikpiller
28101013060|Vilan|rektal stikpille|rektale stikpiller
28101271486|Bonyl|rektal stikpille|rektale stikpiller
28104181107|ChondroCelect|ml|ml
28104988411|Vimpat|ml|ml
28100041255|Diamox|tablet|tabletter
28103151100|Diabact UBT|tablet|tabletter
28103452602|Lysodren|tablet|tabletter
28104386308|Firdapse|tablet|tabletter
28104522209|Arax Extra|tablet|tabletter
28104745210|Votubia|tablet|tabletter
28104745310|Votubia|tablet|tabletter
28104745410|Votubia|tablet|tabletter
28104757310|Livial|tablet|tabletter
28104874511|Divisun|tablet|tabletter
28104948311|Afinitor|tablet|tabletter
28105008911|Dexametason "Abcur"|tablet|tabletter
28105009011|Dexametason "Abcur"|tablet|tabletter
28105075012|Levodonna|tablet|tabletter
28105080012|Spedra|tablet|tabletter
28105080112|Spedra|tablet|tabletter
28105080212|Spedra|tablet|tabletter
28105172412|Sirturo|tablet|tabletter
28105473214|Telmisartan "2care4"|tablet|tabletter
28105473331|Telmisartan "2care4"|tablet|tabletter
28136232299|Medobiotin|tablet|tabletter
52610011993|Thea Go'|tablet|tabletter
52610023093|Padma 28|tablet|tabletter
52610051193|Remifemin|tablet|tabletter
52620003793|APOVIT B1 vitamin ekstra stærk|tablet|tabletter
52620008193|Zink "Natur-Drogeriet"|tablet|tabletter
52620008993|Super B6 "Natur-Drogeriet"|tablet|tabletter
52620027995|APOVIT Folsyre stærk|tablet|tabletter
28100009555|Kemadrin|tablet|tabletter
28100021255|Postafen|tablet|tabletter
28100074555|Paraghurt|tablet|tabletter
28100185956|Arcosal|tablet|tabletter
28100231857|Akineton|tablet|tabletter
28100234057|Stemetil|tablet|tabletter
28100280558|Noacid|tablet|tabletter
28100329660|Marplan|tablet|tabletter
28100338960|Ercoril|tablet|tabletter
28100389161|Vanquin|tablet|tabletter
28100444263|Noritren|tablet|tabletter
28100480965|Neulactil|tablet|tabletter
28100529867|Cardopax|tablet|tabletter
28100560369|Dipiperon|tablet|tabletter
28100583670|Haiprex|tablet|tabletter
28100592071|Keflex|tablet|tabletter
28100597671|Provera|tablet|tabletter
28100657975|Ventoline|tablet|tabletter
28100709776|Digoxin "DAK"|tablet|tabletter
28100709876|Digoxin "DAK"|tablet|tabletter
28100713276|Fenemal "DLF"|tablet|tabletter
28100713376|Fenemal "DLF"|tablet|tabletter
28100713476|Fenemal "DLF"|tablet|tabletter
28100713876|Fenylbutazon "OBA"|tablet|tabletter
28100714076|Fenytoin "DAK"|tablet|tabletter
28100714576|Ferroplex-frangula "ERA"|tablet|tabletter
28100715276|Folimet|tablet|tabletter
28100725676|Klorzoxazon "DAK"|tablet|tabletter
28100725776|Kodamid "DAK"|tablet|tabletter
28100727576|Koffisal "DAK"|tablet|tabletter
28100732876|Menadion "Medic"|tablet|tabletter
28100739776|Nitrofurantoin "DAK"|tablet|tabletter
28100743476|Petidin "DAK"|tablet|tabletter
28100744676|Prednison "DAK"|tablet|tabletter
28100744876|Probenecid "Medic"|tablet|tabletter
28100745876|Prometazin "ERA"|tablet|tabletter
28100745976|Propyltiouracil "Medic"|tablet|tabletter
28100797177|Primidon "ERA"|tablet|tabletter
28100808477|Isoniazid "OBA"|tablet|tabletter
28100819278|Prednison "DAK"|tablet|tabletter
28101000865|Neulactil|tablet|tabletter
28101006679|Eltroxin|tablet|tabletter
28101012355|Ketogan|tablet|tabletter
28101013160|Vilan|tablet|tabletter
28101019455|Mestinon|tablet|tabletter
28101178884|Provera|tablet|tabletter
28101185684|Sparkal Mite|tablet|tabletter
28101188784|Hexapindol|tablet|tabletter
28101197884|Cytotec|tablet|tabletter
28101228685|Adalat|tablet|tabletter
28101261586|Surgamyl|tablet|tabletter
28101301887|Ovestin|tablet|tabletter
28101317487|Pamol|tablet|tabletter
28101321787|Dapson "Scanpharm"|tablet|tabletter
28101333888|Lariam|tablet|tabletter
28101414490|Gracial|tablet|tabletter
28101477691|Trevina|tablet|tabletter
28101562093|Fortamol|tablet|tabletter
28101752095|Sotalol "Mylan"|tablet|tabletter
28101837196|Divina Plus|tablet|tabletter
28101847296|Migea Rapid|tablet|tabletter
28103005998|Ammonaps|tablet|tabletter
28103074199|Mifegyne|tablet|tabletter
28103101499|Hydrokortison "TAKEDA"|tablet|tabletter
28103131100|Indivina|tablet|tabletter
28103131200|Indivina|tablet|tabletter
28103131300|Indivina|tablet|tabletter
28103160800|Folimet|tablet|tabletter
28103169300|TrioBe|tablet|tabletter
28103222301|Euthyrox|tablet|tabletter
28103222401|Euthyrox|tablet|tabletter
28103810405|Norprolac|tablet|tabletter
28103810605|Norprolac|tablet|tabletter
28103909506|Arax|tablet|tabletter
28104250307|Nebivolol "Portfarma"|tablet|tabletter
28104310608|Pramipexole "Orion"|tablet|tabletter
28104310808|Pramipexole "Orion"|tablet|tabletter
28104315308|Samsca|tablet|tabletter
28104372008|Arax Junior|tablet|tabletter
28104372108|Arax Forte|tablet|tabletter
28104440808|Visanne|tablet|tabletter
28104557609|Warfarin "Orion"|tablet|tabletter
28104561109|Samsca|tablet|tabletter
28104656710|Mifepriston "Linepharma"|tablet|tabletter
28104689710|Paracetamol "Teva"|tablet|tabletter
28104987211|Flecainid "2care4"|tablet|tabletter
28105027412|Hydromed|tablet|tabletter
28103176800|Panodil|tablet|tabletter
28104727110|Plenadren|tablet|tabletter
28104727210|Plenadren|tablet|tabletter
28104958311|Vimovo|tablet|tabletter
28104571609|Medabon|null|null
28103465703|Duraphat|stribe|striber
28105242613|Velphoro|tyggetablet|tyggetabletter
52610040193|Frutin|tyggetablet|tyggetabletter
28100656774|Gaviscon|tyggetablet|tyggetabletter
28100690776|Balancid Novum|tyggetablet|tyggetabletter
28100702376|Alminox "DAK"|tyggetablet|tyggetabletter
28100999578|Novaluzid|tyggetablet|tyggetabletter
28104569209|Galieve Peppermint|tyggetablet|tyggetabletter
28104714410|Zarator|tyggetablet|tyggetabletter
28104714510|Zarator|tyggetablet|tyggetabletter
28103037198|Muse|dosis|doser
28103037298|Muse|dosis|doser
52610009693|Thea Bona|teskefuld|teskefulde
52610011893|Ã†gte Venustorn|kop|kopper
52610012293|Thea Go'|teskefuld|teskefulde
52610009593|Thea Bona|brev|breve
52610012193|Thea Go'|brev|breve
28100165654|Hibitane|påsmøring|påsmøringer
28103146600|Zidoval|applikatordosis|applikatordoser
28105141912|Misodel|vaginalindlæg|vaginalindlæg
28101885397|Propess|vaginalindlæg|vaginalindlæg
28101034279|Brentan|vaginalkapsel|vaginalkapsler
28101069481|Brentan|vaginalkapsel|vaginalkapsler
28116103706|Vivag plus|vaginalkapsel|vaginalkapsler
28101892997|Canesten|null|null
28104394608|Canesten|null|null
28105102812|Prostin E2|vagitorie|vagitorier
28101543293|Isofluran "Baxter"|null|null
28101578093|Suprane|null|null
28101697994|Sevorane|null|null
28103501503|Sevofluran "Baxter"|null|null
28104728510|Sevorane|null|null
28105010512|Sevorane|null|null
28105097712|Sevorane|null|null
28104137807|Tisseel|null|null
28104176907|Artiss|null|null
28104205407|Evicel|null|null
28103409502|TachoSil|null|null
28100427563|Hydrocortison m.Terram.+Polym.|dråbe|dråber
28100707376|Boraks "Ophtha"|øjenskylning|øjenskylninger
28100746876|Resorcinol "Ophtha"|dråbe|dråber
28100750676|Sulfametizol "Actavis"|dråbe|dråber
28100830279|Viskøse Øjendråber "Ophtha"|dråbe|dråber
28100599271|Mydriacyl|dråbe|dråber
28100657174|Cyclogyl|dråbe|dråber
28100724176|Kloramfenikol "DAK"|dråbe|dråber
28100821378|Kloramfenikol Viskøse "DAK"|dråbe|dråber
28100923577|Dacriosol|dråbe|dråber
28100993371|Mydriacyl|dråbe|dråber
28101473791|Fotil|dråbe|dråber
28101474191|Exocin|dråbe|dråber
28101525192|Fotil Forte|dråbe|dråber
28101557693|Iopidine|dråbe|dråber
28101700894|Alomide|dråbe|dråber
28101792195|Iopidine|dråbe|dråber
28101904697|Oculac|dråbe|dråber
28103020598|Allergodil|dråbe|dråber
28103316001|Oftaquix|dråbe|dråber
28104303408|Vigamox|dråbe|dråber
28105021512|Hyprosan|dråbe|dråber
28105057412|Monopex|dråbe|dråber
28105241013|Izba|dråbe|dråber
28101502292|Lecrolyn|dråbe|dråber
28101572493|Fotil|dråbe|dråber
28101572593|Fotil Forte|dråbe|dråber
28103010598|Celluvisc|dråbe|dråber
28103252601|Emadine|dråbe|dråber
28103801177|Lomudal|dråbe|dråber
28104061207|Oftaquix|dråbe|dråber
28104779510|Azyter|dråbe|dråber
28104944911|Monoprost|dråbe|dråber
28101263886|Flurolon|dråbe|dråber
28101837396|Vexol|dråbe|dråber
28101754695|Betoptic S|dråbe|dråber
28101949797|Oftagel|dråbe|dråber
28103206300|Viscotears|dråbe|dråber
28103905906|Mydriasert|øjenlamel|øjenlameller
28100230857|Ultracortenol|stribe|striber
28100724276|Kloramfenikol "DAK"|stribe|striber
28100758676|Øjensalve Neutral "Ophtha"|stribe|striber
28103169700|Ciloxan|stribe|striber
28100540268|Locacorten-Vioform|dråbe|dråber
28105106812|Cetraxal|dråbe|dråber
28101822196|Helicobacter Test INFAI|dosis|doser
28103925106|Duofaxin|tablet|tabletter
28104453208|Metadon "DnE"|ml|ml
28104453308|Metadon "DnE"|ml|ml
28104506609|Nivestim|mikrogram|mikrogram
28104886911|Meropenem "Stada"|mg|mg
28104887011|Meropenem "Stada"|gram|gram
28104919111|Fostimon Set|IE|IE
28104937211|Attentin|tablet|tabletter
28104960711|Dacarbazine "Lipomed"|mg|mg
28104981311|Recivit|resoriblet|resoribletter
28104981411|Recivit|resoriblet|resoribletter
28104981511|Recivit|resoriblet|resoribletter
28105102312|Androcur|tablet|tabletter
28105233413|Rupafin|tablet|tabletter
28105280413|Taptiqom|dråbe|dråber
28105317513|Cerdelga|kapsel|kapsler
28105335313|Clarithromycin "Alternova"|dosis|doser
28105353813|Strattera|ml|ml
28105356913|Cosentyx|dosis|doser
28105364613|Signifor|dosis|doser
28105364713|Signifor|dosis|doser
28105364813|Signifor|dosis|doser
28105405814|Zykadia|kapsel|kapsler
28105412314|Soolantra|påsmøring|påsmøringer
28105423114|Ofev|kapsel|kapsler
28105423214|Ofev|kapsel|kapsler
28105423814|Toujeo|enhed|enheder
28105467914|Simdax|mikrogram|mikrogram
28105476314|Sevorane|null|null
28105512414|Lenvima|kapsel|kapsler
28105512514|Lenvima|kapsel|kapsler
28105530115|Bricanyl Turbuhaler|sug|sug
28105582114|Sivextro|hætteglas|hætteglas
28115362814|Sinupret|tablet|tabletter
